m0bacmey	hasmetal	p124470
m0cofnan	hassolvent	p16344
m0amebax	hassolvent	p114798
m0arihis	hasmetal	p125000
m0ajesaj	hassolvent	p16228
m0amofak	hassolvent	p1887
m0aqegaf	hasmetal	p124014
m0cojvop	hasmetal	p116683880
m0aminep	hasmetal	p13939
m0bohxaz	hasmetal	p124373
m0cuswap	haslinker	p11318
m0bahpim	hasmetal	p125154
m0cuxfux	hassolvent	p114798
m0dawwuv	hassolvent	p114798
m0comfam	hassolvent	p1702
m0buwfoq	hassolvent	p114798
m0afatad	hassolvent	p1887
m0anedaz	hasmetal	p124014
m0aguheq	hassolvent	p1702
m0cabnur01	haslinker	p1439434
m0ciccau	hassolvent	p16344
m0comfam	hassolvent	p16228
m0cutkim	haslinker	p11318
m0besxef	hasmetal	p13007855
m0alojoa	hassolvent	p1887
m0doppuw	hassolvent	p1887
m0bemhux	hassolvent	p16344
m0cutkim	hasmetal	p125154
m0besxef	hasmetal	p124424
m0diszub	haslinker	p11318
m0bopvim	hasmetal	p116683880
m0cutbea	hasmetal	p124809
m0barjov	haslinker	p1444972
m0belcut	hasmetal	p124480
m0cuxfux	hassolvent	p1702
m0cufjaq	hasmetal	p125000
m0dewloj	hassolvent	p16344
m0daknag	hassolvent	p114798
m0damwew	hasmetal	p125154
m0aguyik	hasmetal	p114814
m0cavrey	hassolvent	p16228
m0cigxun	hassolvent	p114798
m0dedgif	hassolvent	p16228
m0debkom	hasmetal	p124014
m0bopvim	hassolvent	p114798
m0davkiv	hassolvent	p16344
m0amebax	hasmetal	p116683880
m0cukyaj	haslinker	p170088
m0amozuy	hasmetal	p14233003
m0alihuy	hasmetal	p124459
m0dalluy	hasmetal	p125000
m0bowqek	hasmetal	p13007855
m0damkou	hassolvent	p1887
m0dotyod	hassolvent	p1887
m0dahjom	hassolvent	p16228
m0daxmog	hassolvent	p16228
m0doqlut	hassolvent	p114798
m0cujxow	haslinker	p11727
m0captar	hassolvent	p1887
m0alonoe	hasmetal	p114814
m0ajurig	hasmetal	p13007855
m0axohaw	haslinker	p16624
m0acafit	hassolvent	p16344
m0dozquf	hassolvent	p1887
m0buzjuc	haslinker	p18471
m0cifcur	hassolvent	p16228
m0cahnef	hassolvent	p16344
m0dewloj	hasmetal	p124470
m0bosdiz	hassolvent	p1887
m0comgiv	haslinker	p174574
m0cuhyub	hassolvent	p16228
m0asemoa	hasmetal	p125154
m0dozquf	haslinker	p172886
m0cavrey	hasmetal	p111192
m0doqlut	hassolvent	p16228
m0cifroz	hassolvent	p18028
m0daxrax	hasmetal	p124385
m0diszub	hassolvent	p114798
m0awosiq	hasmetal	p118616
m0ajayam	hassolvent	p1702
m0awesif01	hasmetal	p125000
m0bixhau	hassolvent	p16344
m0ahaxud	hassolvent	p114798
m0bomgiv	hasmetal	p124470
m0bivpuu	haslinker	p11318
m0dadtuy	hassolvent	p16228
m0cetlar	hassolvent	p16228
m0bivpuu	haslinker	p11474
m0danqeo	haslinker	p16285
m0cekvar	hasmetal	p124480
m0dowdaw	hasmetal	p118616
m0buwfoq	hassolvent	p1702
m0acafit	hassolvent	p16342
m0biqdaj	hasmetal	p116683880
m0coyqen	hasmetal	p124458
m0amofak	hassolvent	p16228
m0cupyzp03	hasmetal	p118616
m0belvar	hasmetal	p124480
m0ajayam	hassolvent	p16342
m0disbal	hassolvent	p16228